"Inicio del informe","Fin del informe","Nombre de la campaña",Edad,Sexo,Inicio,Finalización,"Importe gastado (MXN)",Alcance,Frecuencia,Impresiones,"Clics en el enlace",Resultados,"Indicador de resultado","Costo por resultados","Costo por mil personas alcanzadas (MXN)","CPC (costo por clic en el enlace) (MXN)","Clientes potenciales","Clientes potenciales en Facebook","Registros completados","Registros completados en el sitio web","Clientes potenciales en el sitio web"
2020-05-31,2020-05-31,2005_GWEP_ParqueHacienda_PI_PFM_FB,55-64,unknown,2020-05-01,2020-05-31,0.09,1,1,1,,,,,90,,,,,,
2020-05-31,2020-05-31,2005_GWEP_ParqueHacienda_PI_PFM_FB,55-64,male,2020-05-01,2020-05-31,5.14,68,1.0588235294118,72,1,,,,75.58823529,5.14,,,,,
2020-05-31,2020-05-31,2005_GWEP_ParqueHacienda_PI_PFM_FB,55-64,female,2020-05-01,2020-05-31,5.71,100,1.08,108,,,,,57.1,,,,,,
2020-05-31,2020-05-31,2005_GWEP_ParqueHacienda_PI_PFM_FB,45-54,unknown,2020-05-01,2020-05-31,2.05,15,1.1333333333333,17,,,,,136.66666667,,,,,,
2020-05-31,2020-05-31,2005_GWEP_ParqueHacienda_PI_PFM_FB,45-54,male,2020-05-01,2020-05-31,16.46,171,1.0994152046784,188,3,,,,96.25730994,5.48666667,,,,,
2020-05-31,2020-05-31,2005_GWEP_ParqueHacienda_PI_PFM_FB,45-54,female,2020-05-01,2020-05-31,26.55,227,1.1013215859031,250,9,1,actions:onsite_conversion.lead_grouped,26.55,116.96035242,2.95,1,1,,,
2020-05-31,2020-05-31,2005_GWEP_ParqueHacienda_PI_PFM_FB,35-44,unknown,2020-05-01,2020-05-31,3.68,19,1.1052631578947,21,1,,,,193.68421053,3.68,,,,,
2020-05-31,2020-05-31,2005_GWEP_ParqueHacienda_PI_PFM_FB,35-44,male,2020-05-01,2020-05-31,58.47,463,1.0755939524838,498,7,,,,126.28509719,8.35285714,,,,,
2020-05-31,2020-05-31,2005_GWEP_ParqueHacienda_PI_PFM_FB,35-44,female,2020-05-01,2020-05-31,49,374,1.1363636363636,425,7,,,,131.01604278,7,,,,,
2020-05-31,2020-05-31,2005_GWEP_ParqueHacienda_PI_PFM_FB,25-34,unknown,2020-05-01,2020-05-31,2.53,19,1.1578947368421,22,,,,,133.15789474,,,,,,
2020-05-31,2020-05-31,2005_GWEP_ParqueHacienda_PI_PFM_FB,25-34,male,2020-05-01,2020-05-31,88.98,1175,1.0740425531915,1262,17,,,,75.72765957,5.23411765,,,,,
2020-05-31,2020-05-31,2005_GWEP_ParqueHacienda_PI_PFM_FB,25-34,female,2020-05-01,2020-05-31,86.22,1009,1.1030723488603,1113,14,2,actions:onsite_conversion.lead_grouped,43.11,85.45094153,6.15857143,2,2,,,
2020-05-30,2020-05-30,2005_GWEP_ParqueHacienda_PI_PFM_FB,55-64,unknown,2020-05-01,2020-05-31,0.02,1,1,1,,,,,20,,,,,,
2020-05-30,2020-05-30,2005_GWEP_ParqueHacienda_PI_PFM_FB,55-64,male,2020-05-01,2020-05-31,3.58,39,1.0512820512821,41,1,,,,91.79487179,3.58,,,,,
2020-05-30,2020-05-30,2005_GWEP_ParqueHacienda_PI_PFM_FB,55-64,female,2020-05-01,2020-05-31,4.31,32,1.09375,35,1,,,,134.6875,4.31,,,,,
2020-05-30,2020-05-30,2005_GWEP_ParqueHacienda_PI_PFM_FB,45-54,male,2020-05-01,2020-05-31,28.49,138,1.0652173913043,147,3,,,,206.44927536,9.49666667,,,,,
2020-05-30,2020-05-30,2005_GWEP_ParqueHacienda_PI_PFM_FB,45-54,female,2020-05-01,2020-05-31,12.02,82,1.0975609756098,90,1,,,,146.58536585,12.02,,,,,
2020-05-30,2020-05-30,2005_GWEP_ParqueHacienda_PI_PFM_FB,35-44,unknown,2020-05-01,2020-05-31,2.44,10,1,10,1,,,,244,2.44,,,,,
2020-05-30,2020-05-30,2005_GWEP_ParqueHacienda_PI_PFM_FB,35-44,male,2020-05-01,2020-05-31,58.49,351,1.0626780626781,373,7,,,,166.63817664,8.35571429,,,,,
2020-05-30,2020-05-30,2005_GWEP_ParqueHacienda_PI_PFM_FB,35-44,female,2020-05-01,2020-05-31,39.41,219,1.0776255707763,236,6,1,actions:onsite_conversion.lead_grouped,39.41,179.9543379,6.56833333,1,1,,,
2020-05-30,2020-05-30,2005_GWEP_ParqueHacienda_PI_PFM_FB,25-34,unknown,2020-05-01,2020-05-31,1.89,23,1,23,,,,,82.17391304,,,,,,
2020-05-30,2020-05-30,2005_GWEP_ParqueHacienda_PI_PFM_FB,25-34,male,2020-05-01,2020-05-31,87.87,1071,1.0690943043884,1145,10,1,actions:onsite_conversion.lead_grouped,87.87,82.04481793,8.787,1,1,,,
2020-05-30,2020-05-30,2005_GWEP_ParqueHacienda_PI_PFM_FB,25-34,female,2020-05-01,2020-05-31,76.64,601,1.0715474209651,644,15,2,actions:onsite_conversion.lead_grouped,38.32,127.52079867,5.10933333,2,2,,,
2020-05-29,2020-05-29,2005_GWEP_ParqueHacienda_PI_PFM_FB,55-64,unknown,2020-05-01,2020-05-31,0.6,2,1,2,,,,,300,,,,,,
2020-05-29,2020-05-29,2005_GWEP_ParqueHacienda_PI_PFM_FB,55-64,male,2020-05-01,2020-05-31,1.89,33,1.030303030303,34,,,,,57.27272727,,,,,,
2020-05-29,2020-05-29,2005_GWEP_ParqueHacienda_PI_PFM_FB,55-64,female,2020-05-01,2020-05-31,12.68,64,1.078125,69,1,1,actions:onsite_conversion.lead_grouped,12.68,198.125,12.68,1,1,,,
2020-05-29,2020-05-29,2005_GWEP_ParqueHacienda_PI_PFM_FB,45-54,unknown,2020-05-01,2020-05-31,0.18,3,1,3,,,,,60,,,,,,
2020-05-29,2020-05-29,2005_GWEP_ParqueHacienda_PI_PFM_FB,45-54,male,2020-05-01,2020-05-31,18.77,135,1.0888888888889,147,2,,,,139.03703704,9.385,,,,,
2020-05-29,2020-05-29,2005_GWEP_ParqueHacienda_PI_PFM_FB,45-54,female,2020-05-01,2020-05-31,18.17,119,1.1428571428571,136,1,,,,152.68907563,18.17,,,,,
2020-05-29,2020-05-29,2005_GWEP_ParqueHacienda_PI_PFM_FB,35-44,unknown,2020-05-01,2020-05-31,0.51,12,1,12,,,,,42.5,,,,,,
2020-05-29,2020-05-29,2005_GWEP_ParqueHacienda_PI_PFM_FB,35-44,male,2020-05-01,2020-05-31,54.31,388,1.0644329896907,413,6,,,,139.9742268,9.05166667,,,,,
2020-05-29,2020-05-29,2005_GWEP_ParqueHacienda_PI_PFM_FB,35-44,female,2020-05-01,2020-05-31,52.47,275,1.1090909090909,305,3,,,,190.8,17.49,,,,,
2020-05-29,2020-05-29,2005_GWEP_ParqueHacienda_PI_PFM_FB,25-34,unknown,2020-05-01,2020-05-31,0.9,12,1,12,,,,,75,,,,,,
2020-05-29,2020-05-29,2005_GWEP_ParqueHacienda_PI_PFM_FB,25-34,male,2020-05-01,2020-05-31,76.56,1171,1.0589239965841,1240,11,,,,65.38001708,6.96,,,,,
2020-05-29,2020-05-29,2005_GWEP_ParqueHacienda_PI_PFM_FB,25-34,female,2020-05-01,2020-05-31,67.05,716,1.0614525139665,760,6,,,,93.6452514,11.175,,,,,
2020-05-28,2020-05-28,2005_GWEP_ParqueHacienda_PI_PFM_FB,55-64,unknown,2020-05-01,2020-05-31,0.02,1,1,1,,,,,20,,,,,,
2020-05-28,2020-05-28,2005_GWEP_ParqueHacienda_PI_PFM_FB,55-64,male,2020-05-01,2020-05-31,3.17,53,1.0754716981132,57,1,,,,59.81132075,3.17,,,,,
2020-05-28,2020-05-28,2005_GWEP_ParqueHacienda_PI_PFM_FB,55-64,female,2020-05-01,2020-05-31,8.06,73,1.0547945205479,77,2,,,,110.4109589,4.03,,,,,
2020-05-28,2020-05-28,2005_GWEP_ParqueHacienda_PI_PFM_FB,45-54,unknown,2020-05-01,2020-05-31,0.41,4,1,4,1,,,,102.5,0.41,,,,,
2020-05-28,2020-05-28,2005_GWEP_ParqueHacienda_PI_PFM_FB,45-54,male,2020-05-01,2020-05-31,21.34,170,1.0647058823529,181,3,1,actions:onsite_conversion.lead_grouped,21.34,125.52941176,7.11333333,1,1,,,
2020-05-28,2020-05-28,2005_GWEP_ParqueHacienda_PI_PFM_FB,45-54,female,2020-05-01,2020-05-31,17.74,147,1.0952380952381,161,2,,,,120.68027211,8.87,,,,,
2020-05-28,2020-05-28,2005_GWEP_ParqueHacienda_PI_PFM_FB,35-44,unknown,2020-05-01,2020-05-31,0.7,9,1,9,,,,,77.77777778,,,,,,
2020-05-28,2020-05-28,2005_GWEP_ParqueHacienda_PI_PFM_FB,35-44,male,2020-05-01,2020-05-31,59.97,529,1.0567107750473,559,8,2,actions:onsite_conversion.lead_grouped,29.985,113.36483932,7.49625,2,2,,,
2020-05-28,2020-05-28,2005_GWEP_ParqueHacienda_PI_PFM_FB,35-44,female,2020-05-01,2020-05-31,35.69,321,1.0872274143302,349,5,1,actions:onsite_conversion.lead_grouped,35.69,111.18380062,7.138,1,1,,,
2020-05-28,2020-05-28,2005_GWEP_ParqueHacienda_PI_PFM_FB,25-34,unknown,2020-05-01,2020-05-31,1.39,30,1.0333333333333,31,,,,,46.33333333,,,,,,
2020-05-28,2020-05-28,2005_GWEP_ParqueHacienda_PI_PFM_FB,25-34,male,2020-05-01,2020-05-31,95.02,1979,1.0454775138959,2069,20,4,actions:onsite_conversion.lead_grouped,23.755,48.01414856,4.751,4,4,,,
2020-05-28,2020-05-28,2005_GWEP_ParqueHacienda_PI_PFM_FB,25-34,female,2020-05-01,2020-05-31,74.15,1183,1.0642434488588,1259,8,2,actions:onsite_conversion.lead_grouped,37.075,62.67962806,9.26875,2,2,,,
2020-05-27,2020-05-27,2005_GWEP_ParqueHacienda_PI_PFM_FB,55-64,male,2020-05-01,2020-05-31,4.94,62,1.0322580645161,64,,,,,79.67741935,,,,,,
2020-05-27,2020-05-27,2005_GWEP_ParqueHacienda_PI_PFM_FB,55-64,female,2020-05-01,2020-05-31,9.08,77,1.0779220779221,83,1,,,,117.92207792,9.08,,,,,
2020-05-27,2020-05-27,2005_GWEP_ParqueHacienda_PI_PFM_FB,45-54,unknown,2020-05-01,2020-05-31,0.74,5,1,5,,,,,148,,,,,,
2020-05-27,2020-05-27,2005_GWEP_ParqueHacienda_PI_PFM_FB,45-54,male,2020-05-01,2020-05-31,18.18,160,1.1,176,3,,,,113.625,6.06,,,,,
2020-05-27,2020-05-27,2005_GWEP_ParqueHacienda_PI_PFM_FB,45-54,female,2020-05-01,2020-05-31,13.74,145,1.1310344827586,164,3,,,,94.75862069,4.58,,,,,
2020-05-27,2020-05-27,2005_GWEP_ParqueHacienda_PI_PFM_FB,35-44,unknown,2020-05-01,2020-05-31,1.35,18,1.0555555555556,19,,,,,75,,,,,,
2020-05-27,2020-05-27,2005_GWEP_ParqueHacienda_PI_PFM_FB,35-44,male,2020-05-01,2020-05-31,32.73,468,1.0854700854701,508,8,1,actions:onsite_conversion.lead_grouped,32.73,69.93589744,4.09125,1,1,,,
2020-05-27,2020-05-27,2005_GWEP_ParqueHacienda_PI_PFM_FB,35-44,female,2020-05-01,2020-05-31,37.34,357,1.0756302521008,384,6,,,,104.59383754,6.22333333,,,,,
2020-05-27,2020-05-27,2005_GWEP_ParqueHacienda_PI_PFM_FB,25-34,unknown,2020-05-01,2020-05-31,3.55,31,1.0322580645161,32,,,,,114.51612903,,,,,,
2020-05-27,2020-05-27,2005_GWEP_ParqueHacienda_PI_PFM_FB,25-34,male,2020-05-01,2020-05-31,107.73,2101,1.0628272251309,2233,11,1,actions:onsite_conversion.lead_grouped,107.73,51.27558306,9.79363636,1,1,,,
2020-05-27,2020-05-27,2005_GWEP_ParqueHacienda_PI_PFM_FB,25-34,female,2020-05-01,2020-05-31,91,1464,1.0621584699454,1555,11,1,actions:onsite_conversion.lead_grouped,91,62.15846995,8.27272727,1,1,,,
2020-05-26,2020-05-26,2005_GWEP_ParqueHacienda_PI_PFM_FB,55-64,unknown,2020-05-01,2020-05-31,0.01,1,1,1,,,,,10,,,,,,
2020-05-26,2020-05-26,2005_GWEP_ParqueHacienda_PI_PFM_FB,55-64,male,2020-05-01,2020-05-31,3.47,60,1.1666666666667,70,1,,,,57.83333333,3.47,,,,,
2020-05-26,2020-05-26,2005_GWEP_ParqueHacienda_PI_PFM_FB,55-64,female,2020-05-01,2020-05-31,8.68,60,1.1,66,,,,,144.66666667,,,,,,
2020-05-26,2020-05-26,2005_GWEP_ParqueHacienda_PI_PFM_FB,45-54,unknown,2020-05-01,2020-05-31,0.72,9,1,9,,,,,80,,,,,,
2020-05-26,2020-05-26,2005_GWEP_ParqueHacienda_PI_PFM_FB,45-54,male,2020-05-01,2020-05-31,13.8,141,1.0496453900709,148,2,1,actions:onsite_conversion.lead_grouped,13.8,97.87234043,6.9,1,1,,,
2020-05-26,2020-05-26,2005_GWEP_ParqueHacienda_PI_PFM_FB,45-54,female,2020-05-01,2020-05-31,17.68,147,1.0952380952381,161,5,,,,120.27210884,3.536,,,,,
2020-05-26,2020-05-26,2005_GWEP_ParqueHacienda_PI_PFM_FB,35-44,unknown,2020-05-01,2020-05-31,0.79,18,1,18,,,,,43.88888889,,,,,,
2020-05-26,2020-05-26,2005_GWEP_ParqueHacienda_PI_PFM_FB,35-44,male,2020-05-01,2020-05-31,52.85,414,1.048309178744,434,7,2,actions:onsite_conversion.lead_grouped,26.425,127.65700483,7.55,2,2,,,
2020-05-26,2020-05-26,2005_GWEP_ParqueHacienda_PI_PFM_FB,35-44,female,2020-05-01,2020-05-31,34.16,309,1.0485436893204,324,1,,,,110.55016181,34.16,,,,,
2020-05-26,2020-05-26,2005_GWEP_ParqueHacienda_PI_PFM_FB,25-34,unknown,2020-05-01,2020-05-31,1.88,25,1.04,26,,,,,75.2,,,,,,
2020-05-26,2020-05-26,2005_GWEP_ParqueHacienda_PI_PFM_FB,25-34,male,2020-05-01,2020-05-31,102.32,1686,1.0521945432977,1774,13,1,actions:onsite_conversion.lead_grouped,102.32,60.68801898,7.87076923,1,1,,,
2020-05-26,2020-05-26,2005_GWEP_ParqueHacienda_PI_PFM_FB,25-34,female,2020-05-01,2020-05-31,93.98,1303,1.0560245587107,1376,11,1,actions:onsite_conversion.lead_grouped,93.98,72.12586339,8.54363636,1,1,,,
2020-05-25,2020-05-25,2005_GWEP_ParqueHacienda_PI_PFM_FB,55-64,unknown,2020-05-01,2020-05-31,0.43,2,1,2,,,,,215,,,,,,
2020-05-25,2020-05-25,2005_GWEP_ParqueHacienda_PI_PFM_FB,55-64,male,2020-05-01,2020-05-31,8.47,80,1.1375,91,1,,,,105.875,8.47,,,,,
2020-05-25,2020-05-25,2005_GWEP_ParqueHacienda_PI_PFM_FB,55-64,female,2020-05-01,2020-05-31,6.68,96,1.0208333333333,98,1,,,,69.58333333,6.68,,,,,
2020-05-25,2020-05-25,2005_GWEP_ParqueHacienda_PI_PFM_FB,45-54,unknown,2020-05-01,2020-05-31,0.3,6,1,6,,,,,50,,,,,,
2020-05-25,2020-05-25,2005_GWEP_ParqueHacienda_PI_PFM_FB,45-54,male,2020-05-01,2020-05-31,18.82,215,1.0511627906977,226,3,,,,87.53488372,6.27333333,,,,,
2020-05-25,2020-05-25,2005_GWEP_ParqueHacienda_PI_PFM_FB,45-54,female,2020-05-01,2020-05-31,14.39,169,1.1183431952663,189,3,,,,85.14792899,4.79666667,,,,,
2020-05-25,2020-05-25,2005_GWEP_ParqueHacienda_PI_PFM_FB,35-44,unknown,2020-05-01,2020-05-31,0.93,16,1.125,18,,,,,58.125,,,,,,
2020-05-25,2020-05-25,2005_GWEP_ParqueHacienda_PI_PFM_FB,35-44,male,2020-05-01,2020-05-31,45.09,434,1.0829493087558,470,3,,,,103.89400922,15.03,,,,,
2020-05-25,2020-05-25,2005_GWEP_ParqueHacienda_PI_PFM_FB,35-44,female,2020-05-01,2020-05-31,26.69,244,1.0737704918033,262,1,,,,109.3852459,26.69,,,,,
2020-05-25,2020-05-25,2005_GWEP_ParqueHacienda_PI_PFM_FB,25-34,unknown,2020-05-01,2020-05-31,0.89,24,1.1666666666667,28,,,,,37.08333333,,,,,,
2020-05-25,2020-05-25,2005_GWEP_ParqueHacienda_PI_PFM_FB,25-34,male,2020-05-01,2020-05-31,108.74,2175,1.0464367816092,2276,9,1,actions:onsite_conversion.lead_grouped,108.74,49.9954023,12.08222222,1,1,,,
2020-05-25,2020-05-25,2005_GWEP_ParqueHacienda_PI_PFM_FB,25-34,female,2020-05-01,2020-05-31,79.24,1036,1.0743243243243,1113,18,3,actions:onsite_conversion.lead_grouped,26.413333333333,76.48648649,4.40222222,3,3,,,
2020-05-24,2020-05-24,2005_GWEP_ParqueHacienda_PI_PFM_FB,55-64,unknown,2020-05-01,2020-05-31,0.52,3,1.3333333333333,4,,,,,173.33333333,,,,,,
2020-05-24,2020-05-24,2005_GWEP_ParqueHacienda_PI_PFM_FB,55-64,male,2020-05-01,2020-05-31,5.46,99,1.1010101010101,109,,,,,55.15151515,,,,,,
2020-05-24,2020-05-24,2005_GWEP_ParqueHacienda_PI_PFM_FB,55-64,female,2020-05-01,2020-05-31,14.85,89,1.1348314606742,101,1,1,actions:onsite_conversion.lead_grouped,14.85,166.85393258,14.85,1,1,,,
2020-05-24,2020-05-24,2005_GWEP_ParqueHacienda_PI_PFM_FB,45-54,unknown,2020-05-01,2020-05-31,0.99,4,1,4,,,,,247.5,,,,,,
2020-05-24,2020-05-24,2005_GWEP_ParqueHacienda_PI_PFM_FB,45-54,male,2020-05-01,2020-05-31,21.54,201,1.0746268656716,216,6,3,actions:onsite_conversion.lead_grouped,7.18,107.1641791,3.59,3,3,,,
2020-05-24,2020-05-24,2005_GWEP_ParqueHacienda_PI_PFM_FB,45-54,female,2020-05-01,2020-05-31,24.73,184,1.0978260869565,202,5,,,,134.40217391,4.946,,,,,
2020-05-24,2020-05-24,2005_GWEP_ParqueHacienda_PI_PFM_FB,35-44,unknown,2020-05-01,2020-05-31,1.04,11,1.1818181818182,13,,,,,94.54545455,,,,,,
2020-05-24,2020-05-24,2005_GWEP_ParqueHacienda_PI_PFM_FB,35-44,male,2020-05-01,2020-05-31,45.11,440,1.0840909090909,477,5,,,,102.52272727,9.022,,,,,
2020-05-24,2020-05-24,2005_GWEP_ParqueHacienda_PI_PFM_FB,35-44,female,2020-05-01,2020-05-31,35.64,306,1.0816993464052,331,3,,,,116.47058824,11.88,,,,,
2020-05-24,2020-05-24,2005_GWEP_ParqueHacienda_PI_PFM_FB,25-34,unknown,2020-05-01,2020-05-31,1.47,27,1.037037037037,28,,,,,54.44444444,,,,,,
2020-05-24,2020-05-24,2005_GWEP_ParqueHacienda_PI_PFM_FB,25-34,male,2020-05-01,2020-05-31,83.08,1541,1.0551589876703,1626,14,2,actions:onsite_conversion.lead_grouped,41.54,53.91304348,5.93428571,2,2,,,
2020-05-24,2020-05-24,2005_GWEP_ParqueHacienda_PI_PFM_FB,25-34,female,2020-05-01,2020-05-31,79.44,1032,1.0910852713178,1126,8,1,actions:onsite_conversion.lead_grouped,79.44,76.97674419,9.93,1,1,,,
2020-05-23,2020-05-23,2005_GWEP_ParqueHacienda_PI_PFM_FB,55-64,male,2020-05-01,2020-05-31,7.77,125,1.12,140,3,,,,62.16,2.59,,,,,
2020-05-23,2020-05-23,2005_GWEP_ParqueHacienda_PI_PFM_FB,55-64,female,2020-05-01,2020-05-31,12.85,154,1.0779220779221,166,4,,,,83.44155844,3.2125,,,,,
2020-05-23,2020-05-23,2005_GWEP_ParqueHacienda_PI_PFM_FB,45-54,unknown,2020-05-01,2020-05-31,0.59,6,1.3333333333333,8,,,,,98.33333333,,,,,,
2020-05-23,2020-05-23,2005_GWEP_ParqueHacienda_PI_PFM_FB,45-54,male,2020-05-01,2020-05-31,18.81,188,1.0957446808511,206,3,,,,100.05319149,6.27,,,,,
2020-05-23,2020-05-23,2005_GWEP_ParqueHacienda_PI_PFM_FB,45-54,female,2020-05-01,2020-05-31,27.07,223,1.1076233183857,247,5,,,,121.39013453,5.414,,,,,
2020-05-23,2020-05-23,2005_GWEP_ParqueHacienda_PI_PFM_FB,35-44,unknown,2020-05-01,2020-05-31,0.74,15,1.1333333333333,17,,,,,49.33333333,,,,,,
2020-05-23,2020-05-23,2005_GWEP_ParqueHacienda_PI_PFM_FB,35-44,male,2020-05-01,2020-05-31,50.03,371,1.0835579514825,402,3,,,,134.85175202,16.67666667,,,,,
2020-05-23,2020-05-23,2005_GWEP_ParqueHacienda_PI_PFM_FB,35-44,female,2020-05-01,2020-05-31,40.06,330,1.0939393939394,361,3,1,actions:onsite_conversion.lead_grouped,40.06,121.39393939,13.35333333,1,1,,,
2020-05-23,2020-05-23,2005_GWEP_ParqueHacienda_PI_PFM_FB,25-34,unknown,2020-05-01,2020-05-31,0.94,17,1.1176470588235,19,,,,,55.29411765,,,,,,
2020-05-23,2020-05-23,2005_GWEP_ParqueHacienda_PI_PFM_FB,25-34,male,2020-05-01,2020-05-31,71.05,1035,1.0512077294686,1088,10,2,actions:onsite_conversion.lead_grouped,35.525,68.647343,7.105,2,2,,,
2020-05-23,2020-05-23,2005_GWEP_ParqueHacienda_PI_PFM_FB,25-34,female,2020-05-01,2020-05-31,99.8,916,1.0818777292576,991,12,1,actions:onsite_conversion.lead_grouped,99.8,108.95196507,8.31666667,1,1,,,
2020-05-22,2020-05-22,2005_GWEP_ParqueHacienda_PI_PFM_FB,55-64,unknown,2020-05-01,2020-05-31,0.04,2,1,2,,,,,20,,,,,,
2020-05-22,2020-05-22,2005_GWEP_ParqueHacienda_PI_PFM_FB,55-64,male,2020-05-01,2020-05-31,10.51,119,1.0840336134454,129,1,,,,88.31932773,10.51,,,,,
2020-05-22,2020-05-22,2005_GWEP_ParqueHacienda_PI_PFM_FB,55-64,female,2020-05-01,2020-05-31,14.92,161,1.0683229813665,172,2,,,,92.67080745,7.46,,,,,
2020-05-22,2020-05-22,2005_GWEP_ParqueHacienda_PI_PFM_FB,45-54,unknown,2020-05-01,2020-05-31,1.24,5,1.2,6,1,,,,248,1.24,,,,,
2020-05-22,2020-05-22,2005_GWEP_ParqueHacienda_PI_PFM_FB,45-54,male,2020-05-01,2020-05-31,23.75,238,1.0504201680672,250,5,1,actions:onsite_conversion.lead_grouped,23.75,99.78991597,4.75,1,1,,,
2020-05-22,2020-05-22,2005_GWEP_ParqueHacienda_PI_PFM_FB,45-54,female,2020-05-01,2020-05-31,27.07,241,1.0912863070539,263,10,,,,112.32365145,2.707,,,,,
2020-05-22,2020-05-22,2005_GWEP_ParqueHacienda_PI_PFM_FB,35-44,unknown,2020-05-01,2020-05-31,1.89,17,1.1764705882353,20,,,,,111.17647059,,,,,,
2020-05-22,2020-05-22,2005_GWEP_ParqueHacienda_PI_PFM_FB,35-44,male,2020-05-01,2020-05-31,47.99,361,1.0803324099723,390,4,,,,132.93628809,11.9975,,,,,
2020-05-22,2020-05-22,2005_GWEP_ParqueHacienda_PI_PFM_FB,35-44,female,2020-05-01,2020-05-31,41.74,327,1.0795107033639,353,4,,,,127.64525994,10.435,,,,,
2020-05-22,2020-05-22,2005_GWEP_ParqueHacienda_PI_PFM_FB,25-34,unknown,2020-05-01,2020-05-31,2.31,18,1.2777777777778,23,,,,,128.33333333,,,,,,
2020-05-22,2020-05-22,2005_GWEP_ParqueHacienda_PI_PFM_FB,25-34,male,2020-05-01,2020-05-31,66.9,1089,1.0615243342516,1156,6,1,actions:onsite_conversion.lead_grouped,66.9,61.43250689,11.15,1,1,,,
2020-05-22,2020-05-22,2005_GWEP_ParqueHacienda_PI_PFM_FB,25-34,female,2020-05-01,2020-05-31,74.68,807,1.091697645601,881,3,,,,92.54027261,24.89333333,,,,,
2020-05-21,2020-05-21,2005_GWEP_ParqueHacienda_PI_PFM_FB,55-64,unknown,2020-05-01,2020-05-31,0.54,3,1,3,,,,,180,,,,,,
2020-05-21,2020-05-21,2005_GWEP_ParqueHacienda_PI_PFM_FB,55-64,male,2020-05-01,2020-05-31,5.98,57,1.1578947368421,66,,,,,104.9122807,,,,,,
2020-05-21,2020-05-21,2005_GWEP_ParqueHacienda_PI_PFM_FB,55-64,female,2020-05-01,2020-05-31,12.3,82,1.0365853658537,85,2,,,,150,6.15,,,,,
2020-05-21,2020-05-21,2005_GWEP_ParqueHacienda_PI_PFM_FB,45-54,unknown,2020-05-01,2020-05-31,0.32,4,1,4,,,,,80,,,,,,
2020-05-21,2020-05-21,2005_GWEP_ParqueHacienda_PI_PFM_FB,45-54,male,2020-05-01,2020-05-31,20.6,155,1.1032258064516,171,2,,,,132.90322581,10.3,,,,,
2020-05-21,2020-05-21,2005_GWEP_ParqueHacienda_PI_PFM_FB,45-54,female,2020-05-01,2020-05-31,17.41,141,1.0851063829787,153,3,,,,123.4751773,5.80333333,,,,,
2020-05-21,2020-05-21,2005_GWEP_ParqueHacienda_PI_PFM_FB,35-44,unknown,2020-05-01,2020-05-31,0.95,17,1.0588235294118,18,,,,,55.88235294,,,,,,
2020-05-21,2020-05-21,2005_GWEP_ParqueHacienda_PI_PFM_FB,35-44,male,2020-05-01,2020-05-31,55.9,353,1.1048158640227,390,3,,,,158.35694051,18.63333333,,,,,
2020-05-21,2020-05-21,2005_GWEP_ParqueHacienda_PI_PFM_FB,35-44,female,2020-05-01,2020-05-31,48.71,254,1.0984251968504,279,4,,,,191.77165354,12.1775,,,,,
2020-05-21,2020-05-21,2005_GWEP_ParqueHacienda_PI_PFM_FB,25-34,unknown,2020-05-01,2020-05-31,0.38,13,1.0769230769231,14,,,,,29.23076923,,,,,,
2020-05-21,2020-05-21,2005_GWEP_ParqueHacienda_PI_PFM_FB,25-34,male,2020-05-01,2020-05-31,90.49,1224,1.0833333333333,1326,8,1,actions:onsite_conversion.lead_grouped,90.49,73.92973856,11.31125,1,1,,,
2020-05-21,2020-05-21,2005_GWEP_ParqueHacienda_PI_PFM_FB,25-34,female,2020-05-01,2020-05-31,75.19,734,1.0940054495913,803,9,1,actions:onsite_conversion.lead_grouped,75.19,102.4386921,8.35444444,1,1,,,
2020-05-20,2020-05-20,2005_GWEP_ParqueHacienda_PI_PFM_FB,55-64,unknown,2020-05-01,2020-05-31,0.11,2,1,2,,,,,55,,,,,,
2020-05-20,2020-05-20,2005_GWEP_ParqueHacienda_PI_PFM_FB,55-64,male,2020-05-01,2020-05-31,4.5,78,1.0128205128205,79,,,,,57.69230769,,,,,,
2020-05-20,2020-05-20,2005_GWEP_ParqueHacienda_PI_PFM_FB,55-64,female,2020-05-01,2020-05-31,12.8,93,1.1505376344086,107,2,1,actions:onsite_conversion.lead_grouped,12.8,137.6344086,6.4,1,1,,,
2020-05-20,2020-05-20,2005_GWEP_ParqueHacienda_PI_PFM_FB,45-54,unknown,2020-05-01,2020-05-31,1.11,2,1,2,,,,,555,,,,,,
2020-05-20,2020-05-20,2005_GWEP_ParqueHacienda_PI_PFM_FB,45-54,male,2020-05-01,2020-05-31,18.82,182,1.0989010989011,200,2,,,,103.40659341,9.41,,,,,
2020-05-20,2020-05-20,2005_GWEP_ParqueHacienda_PI_PFM_FB,45-54,female,2020-05-01,2020-05-31,13.77,163,1.0736196319018,175,,,,,84.47852761,,,,,,
2020-05-20,2020-05-20,2005_GWEP_ParqueHacienda_PI_PFM_FB,35-44,unknown,2020-05-01,2020-05-31,0.43,12,1.1666666666667,14,,,,,35.83333333,,,,,,
2020-05-20,2020-05-20,2005_GWEP_ParqueHacienda_PI_PFM_FB,35-44,male,2020-05-01,2020-05-31,49.72,394,1.1192893401015,441,7,,,,126.1928934,7.10285714,,,,,
2020-05-20,2020-05-20,2005_GWEP_ParqueHacienda_PI_PFM_FB,35-44,female,2020-05-01,2020-05-31,52.98,282,1.1524822695035,325,2,,,,187.87234043,26.49,,,,,
2020-05-20,2020-05-20,2005_GWEP_ParqueHacienda_PI_PFM_FB,25-34,unknown,2020-05-01,2020-05-31,1.77,19,1.0526315789474,20,,,,,93.15789474,,,,,,
2020-05-20,2020-05-20,2005_GWEP_ParqueHacienda_PI_PFM_FB,25-34,male,2020-05-01,2020-05-31,85.33,1185,1.104641350211,1309,7,2,actions:onsite_conversion.lead_grouped,42.665,72.00843882,12.19,2,2,,,
2020-05-20,2020-05-20,2005_GWEP_ParqueHacienda_PI_PFM_FB,25-34,female,2020-05-01,2020-05-31,76.96,816,1.125,918,10,1,actions:onsite_conversion.lead_grouped,76.96,94.31372549,7.696,1,1,,,
2020-05-19,2020-05-19,2005_GWEP_ParqueHacienda_PI_PFM_FB,55-64,male,2020-05-01,2020-05-31,1.73,24,1.0416666666667,25,1,,,,72.08333333,1.73,,,,,
2020-05-19,2020-05-19,2005_GWEP_ParqueHacienda_PI_PFM_FB,55-64,female,2020-05-01,2020-05-31,28.34,44,1.2045454545455,53,1,1,actions:onsite_conversion.lead_grouped,28.34,644.09090909,28.34,1,1,,,
2020-05-19,2020-05-19,2005_GWEP_ParqueHacienda_PI_PFM_FB,45-54,unknown,2020-05-01,2020-05-31,0.19,2,1,2,,,,,95,,,,,,
2020-05-19,2020-05-19,2005_GWEP_ParqueHacienda_PI_PFM_FB,45-54,male,2020-05-01,2020-05-31,10.61,79,1.0759493670886,85,,,,,134.30379747,,,,,,
2020-05-19,2020-05-19,2005_GWEP_ParqueHacienda_PI_PFM_FB,45-54,female,2020-05-01,2020-05-31,14.3,88,1.1022727272727,97,1,,,,162.5,14.3,,,,,
2020-05-19,2020-05-19,2005_GWEP_ParqueHacienda_PI_PFM_FB,35-44,unknown,2020-05-01,2020-05-31,1.35,17,1.2352941176471,21,,,,,79.41176471,,,,,,
2020-05-19,2020-05-19,2005_GWEP_ParqueHacienda_PI_PFM_FB,35-44,male,2020-05-01,2020-05-31,46.2,338,1.1242603550296,380,4,1,actions:onsite_conversion.lead_grouped,46.2,136.68639053,11.55,1,1,,,
2020-05-19,2020-05-19,2005_GWEP_ParqueHacienda_PI_PFM_FB,35-44,female,2020-05-01,2020-05-31,40.51,236,1.0677966101695,252,5,1,actions:onsite_conversion.lead_grouped,40.51,171.65254237,8.102,1,1,,,
2020-05-19,2020-05-19,2005_GWEP_ParqueHacienda_PI_PFM_FB,25-34,unknown,2020-05-01,2020-05-31,1.8,19,1,19,,,,,94.73684211,,,,,,
2020-05-19,2020-05-19,2005_GWEP_ParqueHacienda_PI_PFM_FB,25-34,male,2020-05-01,2020-05-31,100.41,1208,1.0794701986755,1304,8,1,actions:onsite_conversion.lead_grouped,100.41,83.12086093,12.55125,1,1,,,
2020-05-19,2020-05-19,2005_GWEP_ParqueHacienda_PI_PFM_FB,25-34,female,2020-05-01,2020-05-31,82.41,724,1.0911602209945,790,8,1,actions:onsite_conversion.lead_grouped,82.41,113.82596685,10.30125,1,1,,,
2020-05-18,2020-05-18,2005_GWEP_ParqueHacienda_PI_PFM_FB,55-64,male,2020-05-01,2020-05-31,4.89,35,1.1142857142857,39,,,,,139.71428571,,,,,,
2020-05-18,2020-05-18,2005_GWEP_ParqueHacienda_PI_PFM_FB,55-64,female,2020-05-01,2020-05-31,20.72,49,1.1836734693878,58,3,,,,422.85714286,6.90666667,,,,,
2020-05-18,2020-05-18,2005_GWEP_ParqueHacienda_PI_PFM_FB,45-54,unknown,2020-05-01,2020-05-31,0,1,1,1,,,,,0,,,,,,
2020-05-18,2020-05-18,2005_GWEP_ParqueHacienda_PI_PFM_FB,45-54,male,2020-05-01,2020-05-31,12.32,144,1.0833333333333,156,,,,,85.55555556,,,,,,
2020-05-18,2020-05-18,2005_GWEP_ParqueHacienda_PI_PFM_FB,45-54,female,2020-05-01,2020-05-31,15.27,108,1.0648148148148,115,4,,,,141.38888889,3.8175,,,,,
2020-05-18,2020-05-18,2005_GWEP_ParqueHacienda_PI_PFM_FB,35-44,unknown,2020-05-01,2020-05-31,1.42,23,1.0434782608696,24,,,,,61.73913043,,,,,,
2020-05-18,2020-05-18,2005_GWEP_ParqueHacienda_PI_PFM_FB,35-44,male,2020-05-01,2020-05-31,44.15,477,1.0566037735849,504,5,1,actions:onsite_conversion.lead_grouped,44.15,92.55765199,8.83,1,1,,,
2020-05-18,2020-05-18,2005_GWEP_ParqueHacienda_PI_PFM_FB,35-44,female,2020-05-01,2020-05-31,46,313,1.073482428115,336,4,1,actions:onsite_conversion.lead_grouped,46,146.96485623,11.5,1,1,,,
2020-05-18,2020-05-18,2005_GWEP_ParqueHacienda_PI_PFM_FB,25-34,unknown,2020-05-01,2020-05-31,1.58,36,1.0833333333333,39,,,,,43.88888889,,,,,,
2020-05-18,2020-05-18,2005_GWEP_ParqueHacienda_PI_PFM_FB,25-34,male,2020-05-01,2020-05-31,91.39,1884,1.0987261146497,2070,16,5,actions:onsite_conversion.lead_grouped,18.278,48.50849257,5.711875,5,5,,,
2020-05-18,2020-05-18,2005_GWEP_ParqueHacienda_PI_PFM_FB,25-34,female,2020-05-01,2020-05-31,76.92,1177,1.0875106202209,1280,10,,,,65.35259133,7.692,,,,,
2020-05-17,2020-05-17,2005_GWEP_ParqueHacienda_PI_PFM_FB,55-64,male,2020-05-01,2020-05-31,2.25,35,1.2,42,,,,,64.28571429,,,,,,
2020-05-17,2020-05-17,2005_GWEP_ParqueHacienda_PI_PFM_FB,55-64,female,2020-05-01,2020-05-31,11.16,48,1.1875,57,,,,,232.5,,,,,,
2020-05-17,2020-05-17,2005_GWEP_ParqueHacienda_PI_PFM_FB,45-54,unknown,2020-05-01,2020-05-31,0.16,8,1,8,,,,,20,,,,,,
2020-05-17,2020-05-17,2005_GWEP_ParqueHacienda_PI_PFM_FB,45-54,male,2020-05-01,2020-05-31,13.17,122,1.1065573770492,135,2,,,,107.95081967,6.585,,,,,
2020-05-17,2020-05-17,2005_GWEP_ParqueHacienda_PI_PFM_FB,45-54,female,2020-05-01,2020-05-31,19,146,1.1438356164384,167,6,,,,130.1369863,3.16666667,,,,,
2020-05-17,2020-05-17,2005_GWEP_ParqueHacienda_PI_PFM_FB,35-44,unknown,2020-05-01,2020-05-31,2.84,30,1.2,36,,,,,94.66666667,,,,,,
2020-05-17,2020-05-17,2005_GWEP_ParqueHacienda_PI_PFM_FB,35-44,male,2020-05-01,2020-05-31,35.71,455,1.1230769230769,511,8,1,actions:onsite_conversion.lead_grouped,35.71,78.48351648,4.46375,1,1,,,
2020-05-17,2020-05-17,2005_GWEP_ParqueHacienda_PI_PFM_FB,35-44,female,2020-05-01,2020-05-31,53.9,421,1.1567695961995,487,2,,,,128.02850356,26.95,,,,,
2020-05-17,2020-05-17,2005_GWEP_ParqueHacienda_PI_PFM_FB,25-34,unknown,2020-05-01,2020-05-31,1.12,32,1.0625,34,1,,,,35,1.12,,,,,
2020-05-17,2020-05-17,2005_GWEP_ParqueHacienda_PI_PFM_FB,25-34,male,2020-05-01,2020-05-31,74.64,1328,1.1257530120482,1495,11,2,actions:onsite_conversion.lead_grouped,37.32,56.20481928,6.78545455,2,2,,,
2020-05-17,2020-05-17,2005_GWEP_ParqueHacienda_PI_PFM_FB,25-34,female,2020-05-01,2020-05-31,93.36,1312,1.1349085365854,1489,14,3,actions:onsite_conversion.lead_grouped,31.12,71.15853659,6.66857143,3,3,,,
2020-05-16,2020-05-16,2005_GWEP_ParqueHacienda_PI_PFM_FB,55-64,male,2020-05-01,2020-05-31,3.84,41,1.0975609756098,45,,,,,93.65853659,,,,,,
2020-05-16,2020-05-16,2005_GWEP_ParqueHacienda_PI_PFM_FB,55-64,female,2020-05-01,2020-05-31,8.48,58,1.1034482758621,64,,,,,146.20689655,,,,,,
2020-05-16,2020-05-16,2005_GWEP_ParqueHacienda_PI_PFM_FB,45-54,unknown,2020-05-01,2020-05-31,0.09,1,1,1,,,,,90,,,,,,
2020-05-16,2020-05-16,2005_GWEP_ParqueHacienda_PI_PFM_FB,45-54,male,2020-05-01,2020-05-31,24.92,126,1.1428571428571,144,1,1,actions:onsite_conversion.lead_grouped,24.92,197.77777778,24.92,1,1,,,
2020-05-16,2020-05-16,2005_GWEP_ParqueHacienda_PI_PFM_FB,45-54,female,2020-05-01,2020-05-31,17.09,111,1.1261261261261,125,1,,,,153.96396396,17.09,,,,,
2020-05-16,2020-05-16,2005_GWEP_ParqueHacienda_PI_PFM_FB,35-44,unknown,2020-05-01,2020-05-31,1.13,15,1.6,24,,,,,75.33333333,,,,,,
2020-05-16,2020-05-16,2005_GWEP_ParqueHacienda_PI_PFM_FB,35-44,male,2020-05-01,2020-05-31,42.18,315,1.1269841269841,355,6,1,actions:onsite_conversion.lead_grouped,42.18,133.9047619,7.03,1,1,,,
2020-05-16,2020-05-16,2005_GWEP_ParqueHacienda_PI_PFM_FB,35-44,female,2020-05-01,2020-05-31,61.84,330,1.1787878787879,389,8,2,actions:onsite_conversion.lead_grouped,30.92,187.39393939,7.73,2,2,,,
2020-05-16,2020-05-16,2005_GWEP_ParqueHacienda_PI_PFM_FB,25-34,unknown,2020-05-01,2020-05-31,1.01,18,1.1111111111111,20,,,,,56.11111111,,,,,,
2020-05-16,2020-05-16,2005_GWEP_ParqueHacienda_PI_PFM_FB,25-34,male,2020-05-01,2020-05-31,64.86,956,1.1370292887029,1087,7,2,actions:onsite_conversion.lead_grouped,32.43,67.84518828,9.26571429,2,2,,,
2020-05-16,2020-05-16,2005_GWEP_ParqueHacienda_PI_PFM_FB,25-34,female,2020-05-01,2020-05-31,98.82,879,1.1433447098976,1005,11,2,actions:onsite_conversion.lead_grouped,49.41,112.42320819,8.98363636,2,2,,,
2020-05-15,2020-05-15,2005_GWEP_ParqueHacienda_PI_PFM_FB,55-64,unknown,2020-05-01,2020-05-31,0.08,2,1,2,,,,,40,,,,,,
2020-05-15,2020-05-15,2005_GWEP_ParqueHacienda_PI_PFM_FB,55-64,male,2020-05-01,2020-05-31,2.75,33,1.1212121212121,37,,,,,83.33333333,,,,,,
2020-05-15,2020-05-15,2005_GWEP_ParqueHacienda_PI_PFM_FB,55-64,female,2020-05-01,2020-05-31,6.69,42,1.1666666666667,49,1,,,,159.28571429,6.69,,,,,
2020-05-15,2020-05-15,2005_GWEP_ParqueHacienda_PI_PFM_FB,45-54,unknown,2020-05-01,2020-05-31,0.15,3,1.3333333333333,4,,,,,50,,,,,,
2020-05-15,2020-05-15,2005_GWEP_ParqueHacienda_PI_PFM_FB,45-54,male,2020-05-01,2020-05-31,22.3,120,1.0833333333333,130,1,,,,185.83333333,22.3,,,,,
2020-05-15,2020-05-15,2005_GWEP_ParqueHacienda_PI_PFM_FB,45-54,female,2020-05-01,2020-05-31,21.81,131,1.0916030534351,143,4,,,,166.48854962,5.4525,,,,,
2020-05-15,2020-05-15,2005_GWEP_ParqueHacienda_PI_PFM_FB,35-44,unknown,2020-05-01,2020-05-31,2.14,26,1.1538461538462,30,,,,,82.30769231,,,,,,
2020-05-15,2020-05-15,2005_GWEP_ParqueHacienda_PI_PFM_FB,35-44,male,2020-05-01,2020-05-31,40.15,334,1.1017964071856,368,5,2,actions:onsite_conversion.lead_grouped,20.075,120.20958084,8.03,2,2,,,
2020-05-15,2020-05-15,2005_GWEP_ParqueHacienda_PI_PFM_FB,35-44,female,2020-05-01,2020-05-31,50.93,314,1.1305732484076,355,7,1,actions:onsite_conversion.lead_grouped,50.93,162.19745223,7.27571429,1,1,,,
2020-05-15,2020-05-15,2005_GWEP_ParqueHacienda_PI_PFM_FB,25-34,unknown,2020-05-01,2020-05-31,1.68,27,1,27,,,,,62.22222222,,,,,,
2020-05-15,2020-05-15,2005_GWEP_ParqueHacienda_PI_PFM_FB,25-34,male,2020-05-01,2020-05-31,74.77,1223,1.1201962387572,1370,9,2,actions:onsite_conversion.lead_grouped,37.385,61.13654947,8.30777778,2,2,,,
2020-05-15,2020-05-15,2005_GWEP_ParqueHacienda_PI_PFM_FB,25-34,female,2020-05-01,2020-05-31,90.69,1126,1.1172291296625,1258,10,4,actions:onsite_conversion.lead_grouped,22.6725,80.54174067,9.069,4,4,,,
2020-05-14,2020-05-14,2005_GWEP_ParqueHacienda_PI_PFM_FB,55-64,unknown,2020-05-01,2020-05-31,0.4,1,1,1,,,,,400,,,,,,
2020-05-14,2020-05-14,2005_GWEP_ParqueHacienda_PI_PFM_FB,55-64,male,2020-05-01,2020-05-31,2.42,47,1.1063829787234,52,,,,,51.4893617,,,,,,
2020-05-14,2020-05-14,2005_GWEP_ParqueHacienda_PI_PFM_FB,55-64,female,2020-05-01,2020-05-31,8.3,63,1.047619047619,66,2,,,,131.74603175,4.15,,,,,
2020-05-14,2020-05-14,2005_GWEP_ParqueHacienda_PI_PFM_FB,45-54,unknown,2020-05-01,2020-05-31,0.22,6,1,6,,,,,36.66666667,,,,,,
2020-05-14,2020-05-14,2005_GWEP_ParqueHacienda_PI_PFM_FB,45-54,male,2020-05-01,2020-05-31,20.72,157,1.1019108280255,173,2,1,actions:onsite_conversion.lead_grouped,20.72,131.97452229,10.36,1,1,,,
2020-05-14,2020-05-14,2005_GWEP_ParqueHacienda_PI_PFM_FB,45-54,female,2020-05-01,2020-05-31,17.75,123,1.0650406504065,131,,,,,144.30894309,,,,,,
2020-05-14,2020-05-14,2005_GWEP_ParqueHacienda_PI_PFM_FB,35-44,unknown,2020-05-01,2020-05-31,1.33,29,1.0344827586207,30,,,,,45.86206897,,,,,,
2020-05-14,2020-05-14,2005_GWEP_ParqueHacienda_PI_PFM_FB,35-44,male,2020-05-01,2020-05-31,33.66,430,1.0813953488372,465,9,,,,78.27906977,3.74,,,,,
2020-05-14,2020-05-14,2005_GWEP_ParqueHacienda_PI_PFM_FB,35-44,female,2020-05-01,2020-05-31,39.26,342,1.0555555555556,361,3,,,,114.79532164,13.08666667,,,,,
2020-05-14,2020-05-14,2005_GWEP_ParqueHacienda_PI_PFM_FB,25-34,unknown,2020-05-01,2020-05-31,2.76,47,1.063829787234,50,,,,,58.72340426,,,,,,
2020-05-14,2020-05-14,2005_GWEP_ParqueHacienda_PI_PFM_FB,25-34,male,2020-05-01,2020-05-31,108.93,1724,1.0754060324826,1854,16,1,actions:onsite_conversion.lead_grouped,108.93,63.18445476,6.808125,1,1,,,
2020-05-14,2020-05-14,2005_GWEP_ParqueHacienda_PI_PFM_FB,25-34,female,2020-05-01,2020-05-31,87.69,1319,1.0917361637604,1440,7,,,,66.48218347,12.52714286,,,,,
2020-05-13,2020-05-13,2005_GWEP_ParqueHacienda_PI_PFM_FB,55-64,male,2020-05-01,2020-05-31,3.92,76,1.0526315789474,80,,,,,51.57894737,,,,,,
2020-05-13,2020-05-13,2005_GWEP_ParqueHacienda_PI_PFM_FB,55-64,female,2020-05-01,2020-05-31,7.75,80,1.1625,93,2,,,,96.875,3.875,,,,,
2020-05-13,2020-05-13,2005_GWEP_ParqueHacienda_PI_PFM_FB,45-54,unknown,2020-05-01,2020-05-31,1.71,4,1.25,5,,,,,427.5,,,,,,
2020-05-13,2020-05-13,2005_GWEP_ParqueHacienda_PI_PFM_FB,45-54,male,2020-05-01,2020-05-31,20.88,183,1.1584699453552,212,2,,,,114.09836066,10.44,,,,,
2020-05-13,2020-05-13,2005_GWEP_ParqueHacienda_PI_PFM_FB,45-54,female,2020-05-01,2020-05-31,27.14,151,1.1258278145695,170,,,,,179.73509934,,,,,,
2020-05-13,2020-05-13,2005_GWEP_ParqueHacienda_PI_PFM_FB,35-44,unknown,2020-05-01,2020-05-31,3.58,27,1.2222222222222,33,,,,,132.59259259,,,,,,
2020-05-13,2020-05-13,2005_GWEP_ParqueHacienda_PI_PFM_FB,35-44,male,2020-05-01,2020-05-31,39.62,436,1.1032110091743,481,3,,,,90.87155963,13.20666667,,,,,
2020-05-13,2020-05-13,2005_GWEP_ParqueHacienda_PI_PFM_FB,35-44,female,2020-05-01,2020-05-31,46.62,320,1.09375,350,2,1,actions:onsite_conversion.lead_grouped,46.62,145.6875,23.31,1,1,,,
2020-05-13,2020-05-13,2005_GWEP_ParqueHacienda_PI_PFM_FB,25-34,unknown,2020-05-01,2020-05-31,2.74,30,1.1333333333333,34,1,1,actions:onsite_conversion.lead_grouped,2.74,91.33333333,2.74,1,1,,,
2020-05-13,2020-05-13,2005_GWEP_ParqueHacienda_PI_PFM_FB,25-34,male,2020-05-01,2020-05-31,94.59,1332,1.1381381381381,1516,12,3,actions:onsite_conversion.lead_grouped,31.53,71.01351351,7.8825,3,3,,,
2020-05-13,2020-05-13,2005_GWEP_ParqueHacienda_PI_PFM_FB,25-34,female,2020-05-01,2020-05-31,71.16,880,1.1352272727273,999,13,4,actions:onsite_conversion.lead_grouped,17.79,80.86363636,5.47384615,4,4,,,
2020-05-12,2020-05-12,2005_GWEP_ParqueHacienda_PI_PFM_FB,55-64,unknown,2020-05-01,2020-05-31,0.19,3,1,3,,,,,63.33333333,,,,,,
2020-05-12,2020-05-12,2005_GWEP_ParqueHacienda_PI_PFM_FB,55-64,male,2020-05-01,2020-05-31,3.51,72,1.0833333333333,78,,,,,48.75,,,,,,
2020-05-12,2020-05-12,2005_GWEP_ParqueHacienda_PI_PFM_FB,55-64,female,2020-05-01,2020-05-31,11.55,93,1.0860215053763,101,,,,,124.19354839,,,,,,
2020-05-12,2020-05-12,2005_GWEP_ParqueHacienda_PI_PFM_FB,45-54,unknown,2020-05-01,2020-05-31,0.1,6,1,6,,,,,16.66666667,,,,,,
2020-05-12,2020-05-12,2005_GWEP_ParqueHacienda_PI_PFM_FB,45-54,male,2020-05-01,2020-05-31,31.83,170,1.1352941176471,193,4,1,actions:onsite_conversion.lead_grouped,31.83,187.23529412,7.9575,1,1,,,
2020-05-12,2020-05-12,2005_GWEP_ParqueHacienda_PI_PFM_FB,45-54,female,2020-05-01,2020-05-31,18.82,144,1.1388888888889,164,2,,,,130.69444444,9.41,,,,,
2020-05-12,2020-05-12,2005_GWEP_ParqueHacienda_PI_PFM_FB,35-44,unknown,2020-05-01,2020-05-31,0.54,12,1,12,,,,,45,,,,,,
2020-05-12,2020-05-12,2005_GWEP_ParqueHacienda_PI_PFM_FB,35-44,male,2020-05-01,2020-05-31,31.25,327,1.1100917431193,363,6,,,,95.56574924,5.20833333,,,,,
2020-05-12,2020-05-12,2005_GWEP_ParqueHacienda_PI_PFM_FB,35-44,female,2020-05-01,2020-05-31,36.87,282,1.0957446808511,309,6,1,actions:onsite_conversion.lead_grouped,36.87,130.74468085,6.145,1,1,,,
2020-05-12,2020-05-12,2005_GWEP_ParqueHacienda_PI_PFM_FB,25-34,unknown,2020-05-01,2020-05-31,1.57,18,1.1666666666667,21,1,,,,87.22222222,1.57,,,,,
2020-05-12,2020-05-12,2005_GWEP_ParqueHacienda_PI_PFM_FB,25-34,male,2020-05-01,2020-05-31,92.35,868,1.1405529953917,990,8,,,,106.39400922,11.54375,,,,,
2020-05-12,2020-05-12,2005_GWEP_ParqueHacienda_PI_PFM_FB,25-34,female,2020-05-01,2020-05-31,88.48,766,1.1579634464752,887,5,2,actions:onsite_conversion.lead_grouped,44.24,115.50913838,17.696,2,2,,,
2020-05-11,2020-05-11,2005_GWEP_ParqueHacienda_PI_PFM_FB,55-64,male,2020-05-01,2020-05-31,7.44,81,1.1358024691358,92,1,,,,91.85185185,7.44,,,,,
2020-05-11,2020-05-11,2005_GWEP_ParqueHacienda_PI_PFM_FB,55-64,female,2020-05-01,2020-05-31,8.03,83,1.1325301204819,94,,,,,96.74698795,,,,,,
2020-05-11,2020-05-11,2005_GWEP_ParqueHacienda_PI_PFM_FB,45-54,unknown,2020-05-01,2020-05-31,2.62,4,1,4,,,,,655,,,,,,
2020-05-11,2020-05-11,2005_GWEP_ParqueHacienda_PI_PFM_FB,45-54,male,2020-05-01,2020-05-31,19.39,216,1.1527777777778,249,1,,,,89.76851852,19.39,,,,,
2020-05-11,2020-05-11,2005_GWEP_ParqueHacienda_PI_PFM_FB,45-54,female,2020-05-01,2020-05-31,19.91,218,1.0871559633028,237,4,1,actions:onsite_conversion.lead_grouped,19.91,91.33027523,4.9775,1,1,,,
2020-05-11,2020-05-11,2005_GWEP_ParqueHacienda_PI_PFM_FB,35-44,unknown,2020-05-01,2020-05-31,2.25,29,1.1724137931034,34,,,,,77.5862069,,,,,,
2020-05-11,2020-05-11,2005_GWEP_ParqueHacienda_PI_PFM_FB,35-44,male,2020-05-01,2020-05-31,49.73,495,1.1616161616162,575,6,,,,100.46464646,8.28833333,,,,,
2020-05-11,2020-05-11,2005_GWEP_ParqueHacienda_PI_PFM_FB,35-44,female,2020-05-01,2020-05-31,33.47,400,1.105,442,5,1,actions:onsite_conversion.lead_grouped,33.47,83.675,6.694,1,1,,,
2020-05-11,2020-05-11,2005_GWEP_ParqueHacienda_PI_PFM_FB,25-34,unknown,2020-05-01,2020-05-31,0.97,24,1.0833333333333,26,,,,,40.41666667,,,,,,
2020-05-11,2020-05-11,2005_GWEP_ParqueHacienda_PI_PFM_FB,25-34,male,2020-05-01,2020-05-31,92.75,1443,1.1815661815662,1705,9,1,actions:onsite_conversion.lead_grouped,92.75,64.27581428,10.30555556,1,1,,,
2020-05-11,2020-05-11,2005_GWEP_ParqueHacienda_PI_PFM_FB,25-34,female,2020-05-01,2020-05-31,85.7,1248,1.1578525641026,1445,10,1,actions:onsite_conversion.lead_grouped,85.7,68.66987179,8.57,1,1,,,
2020-05-10,2020-05-10,2005_GWEP_ParqueHacienda_PI_PFM_FB,55-64,unknown,2020-05-01,2020-05-31,0.73,2,1,2,,,,,365,,,,,,
2020-05-10,2020-05-10,2005_GWEP_ParqueHacienda_PI_PFM_FB,55-64,male,2020-05-01,2020-05-31,4.02,59,1.0847457627119,64,1,,,,68.13559322,4.02,,,,,
2020-05-10,2020-05-10,2005_GWEP_ParqueHacienda_PI_PFM_FB,55-64,female,2020-05-01,2020-05-31,5.9,54,1.037037037037,56,,,,,109.25925926,,,,,,
2020-05-10,2020-05-10,2005_GWEP_ParqueHacienda_PI_PFM_FB,45-54,unknown,2020-05-01,2020-05-31,0.39,8,1,8,,,,,48.75,,,,,,
2020-05-10,2020-05-10,2005_GWEP_ParqueHacienda_PI_PFM_FB,45-54,male,2020-05-01,2020-05-31,20.34,187,1.1016042780749,206,3,,,,108.77005348,6.78,,,,,
2020-05-10,2020-05-10,2005_GWEP_ParqueHacienda_PI_PFM_FB,45-54,female,2020-05-01,2020-05-31,22.43,111,1.1531531531532,128,2,,,,202.07207207,11.215,,,,,
2020-05-10,2020-05-10,2005_GWEP_ParqueHacienda_PI_PFM_FB,35-44,unknown,2020-05-01,2020-05-31,1.67,22,1.1818181818182,26,,,,,75.90909091,,,,,,
2020-05-10,2020-05-10,2005_GWEP_ParqueHacienda_PI_PFM_FB,35-44,male,2020-05-01,2020-05-31,51.33,453,1.1390728476821,516,3,1,actions:onsite_conversion.lead_grouped,51.33,113.31125828,17.11,1,1,,,
2020-05-10,2020-05-10,2005_GWEP_ParqueHacienda_PI_PFM_FB,35-44,female,2020-05-01,2020-05-31,38.35,306,1.140522875817,349,5,1,actions:onsite_conversion.lead_grouped,38.35,125.32679739,7.67,1,1,,,
2020-05-10,2020-05-10,2005_GWEP_ParqueHacienda_PI_PFM_FB,25-34,unknown,2020-05-01,2020-05-31,2.07,29,1.2068965517241,35,,,,,71.37931034,,,,,,
2020-05-10,2020-05-10,2005_GWEP_ParqueHacienda_PI_PFM_FB,25-34,male,2020-05-01,2020-05-31,80.87,1361,1.1491550330639,1564,15,,,,59.41954445,5.39133333,,,,,
2020-05-10,2020-05-10,2005_GWEP_ParqueHacienda_PI_PFM_FB,25-34,female,2020-05-01,2020-05-31,87.95,1025,1.1687804878049,1198,14,1,actions:onsite_conversion.lead_grouped,87.95,85.80487805,6.28214286,1,1,,,
2020-05-09,2020-05-09,2005_GWEP_ParqueHacienda_PI_PFM_FB,55-64,unknown,2020-05-01,2020-05-31,0.06,3,1,3,,,,,20,,,,,,
2020-05-09,2020-05-09,2005_GWEP_ParqueHacienda_PI_PFM_FB,55-64,male,2020-05-01,2020-05-31,10.12,110,1.0454545454545,115,1,,,,92,10.12,,,,,
2020-05-09,2020-05-09,2005_GWEP_ParqueHacienda_PI_PFM_FB,55-64,female,2020-05-01,2020-05-31,9.16,77,1.0909090909091,84,1,,,,118.96103896,9.16,,,,,
2020-05-09,2020-05-09,2005_GWEP_ParqueHacienda_PI_PFM_FB,45-54,unknown,2020-05-01,2020-05-31,0.86,11,1.0909090909091,12,,,,,78.18181818,,,,,,
2020-05-09,2020-05-09,2005_GWEP_ParqueHacienda_PI_PFM_FB,45-54,male,2020-05-01,2020-05-31,35.86,311,1.0900321543408,339,4,,,,115.30546624,8.965,,,,,
2020-05-09,2020-05-09,2005_GWEP_ParqueHacienda_PI_PFM_FB,45-54,female,2020-05-01,2020-05-31,30.48,196,1.1020408163265,216,4,,,,155.51020408,7.62,,,,,
2020-05-09,2020-05-09,2005_GWEP_ParqueHacienda_PI_PFM_FB,35-44,unknown,2020-05-01,2020-05-31,3.04,33,1.1818181818182,39,,,,,92.12121212,,,,,,
2020-05-09,2020-05-09,2005_GWEP_ParqueHacienda_PI_PFM_FB,35-44,male,2020-05-01,2020-05-31,62.06,623,1.1524879614767,718,7,,,,99.61476726,8.86571429,,,,,
2020-05-09,2020-05-09,2005_GWEP_ParqueHacienda_PI_PFM_FB,35-44,female,2020-05-01,2020-05-31,48.68,362,1.1298342541436,409,2,,,,134.47513812,24.34,,,,,
2020-05-09,2020-05-09,2005_GWEP_ParqueHacienda_PI_PFM_FB,25-34,unknown,2020-05-01,2020-05-31,1.71,13,1.1538461538462,15,1,1,actions:onsite_conversion.lead_grouped,1.71,131.53846154,1.71,1,1,,,
2020-05-09,2020-05-09,2005_GWEP_ParqueHacienda_PI_PFM_FB,25-34,male,2020-05-01,2020-05-31,65.07,991,1.1826437941473,1172,9,3,actions:onsite_conversion.lead_grouped,21.69,65.66094854,7.23,3,3,,,
2020-05-09,2020-05-09,2005_GWEP_ParqueHacienda_PI_PFM_FB,25-34,female,2020-05-01,2020-05-31,58.38,598,1.1555183946488,691,10,4,actions:onsite_conversion.lead_grouped,14.595,97.62541806,5.838,4,4,,,
2020-05-08,2020-05-08,2005_GWEP_ParqueHacienda_PI_PFM_FB,55-64,unknown,2020-05-01,2020-05-31,0.32,2,1,2,,,,,160,,,,,,
2020-05-08,2020-05-08,2005_GWEP_ParqueHacienda_PI_PFM_FB,55-64,male,2020-05-01,2020-05-31,9.02,111,1.0990990990991,122,2,1,actions:onsite_conversion.lead_grouped,9.02,81.26126126,4.51,1,1,,,
2020-05-08,2020-05-08,2005_GWEP_ParqueHacienda_PI_PFM_FB,55-64,female,2020-05-01,2020-05-31,10.9,95,1.0526315789474,100,,,,,114.73684211,,,,,,
2020-05-08,2020-05-08,2005_GWEP_ParqueHacienda_PI_PFM_FB,45-54,unknown,2020-05-01,2020-05-31,0.23,6,1,6,,,,,38.33333333,,,,,,
2020-05-08,2020-05-08,2005_GWEP_ParqueHacienda_PI_PFM_FB,45-54,male,2020-05-01,2020-05-31,41.79,329,1.0881458966565,358,3,,,,127.0212766,13.93,,,,,
2020-05-08,2020-05-08,2005_GWEP_ParqueHacienda_PI_PFM_FB,45-54,female,2020-05-01,2020-05-31,24.57,231,1.0865800865801,251,2,,,,106.36363636,12.285,,,,,
2020-05-08,2020-05-08,2005_GWEP_ParqueHacienda_PI_PFM_FB,35-44,unknown,2020-05-01,2020-05-31,1.04,17,1.3529411764706,23,,,,,61.17647059,,,,,,
2020-05-08,2020-05-08,2005_GWEP_ParqueHacienda_PI_PFM_FB,35-44,male,2020-05-01,2020-05-31,54.28,593,1.1214165261383,665,6,,,,91.53456998,9.04666667,,,,,
2020-05-08,2020-05-08,2005_GWEP_ParqueHacienda_PI_PFM_FB,35-44,female,2020-05-01,2020-05-31,44.68,387,1.1343669250646,439,2,,,,115.45219638,22.34,,,,,
2020-05-08,2020-05-08,2005_GWEP_ParqueHacienda_PI_PFM_FB,25-34,unknown,2020-05-01,2020-05-31,1.72,20,1.25,25,1,,,,86,1.72,,,,,
2020-05-08,2020-05-08,2005_GWEP_ParqueHacienda_PI_PFM_FB,25-34,male,2020-05-01,2020-05-31,78.38,953,1.1605456453305,1106,9,1,actions:onsite_conversion.lead_grouped,78.38,82.2455404,8.70888889,1,1,,,
2020-05-08,2020-05-08,2005_GWEP_ParqueHacienda_PI_PFM_FB,25-34,female,2020-05-01,2020-05-31,60.47,683,1.1390922401171,778,6,1,actions:onsite_conversion.lead_grouped,60.47,88.53587116,10.07833333,1,1,,,
2020-05-07,2020-05-07,2005_GWEP_ParqueHacienda_PI_PFM_FB,55-64,unknown,2020-05-01,2020-05-31,0.01,1,1,1,,,,,10,,,,,,
2020-05-07,2020-05-07,2005_GWEP_ParqueHacienda_PI_PFM_FB,55-64,male,2020-05-01,2020-05-31,5.37,106,1.0471698113208,111,1,,,,50.66037736,5.37,,,,,
2020-05-07,2020-05-07,2005_GWEP_ParqueHacienda_PI_PFM_FB,55-64,female,2020-05-01,2020-05-31,7.34,90,1.0666666666667,96,,,,,81.55555556,,,,,,
2020-05-07,2020-05-07,2005_GWEP_ParqueHacienda_PI_PFM_FB,45-54,unknown,2020-05-01,2020-05-31,0.28,4,1.25,5,,,,,70,,,,,,
2020-05-07,2020-05-07,2005_GWEP_ParqueHacienda_PI_PFM_FB,45-54,male,2020-05-01,2020-05-31,43.26,369,1.0406504065041,384,4,1,actions:onsite_conversion.lead_grouped,43.26,117.23577236,10.815,1,1,,,
2020-05-07,2020-05-07,2005_GWEP_ParqueHacienda_PI_PFM_FB,45-54,female,2020-05-01,2020-05-31,24.61,272,1.0514705882353,286,6,1,actions:onsite_conversion.lead_grouped,24.61,90.47794118,4.10166667,1,1,,,
2020-05-07,2020-05-07,2005_GWEP_ParqueHacienda_PI_PFM_FB,35-44,unknown,2020-05-01,2020-05-31,0.47,22,1.0454545454545,23,1,,,,21.36363636,0.47,,,,,
2020-05-07,2020-05-07,2005_GWEP_ParqueHacienda_PI_PFM_FB,35-44,male,2020-05-01,2020-05-31,53.7,797,1.0878293601004,867,10,1,actions:onsite_conversion.lead_grouped,53.7,67.37766625,5.37,1,1,,,
2020-05-07,2020-05-07,2005_GWEP_ParqueHacienda_PI_PFM_FB,35-44,female,2020-05-01,2020-05-31,48.01,510,1.0686274509804,545,3,,,,94.1372549,16.00333333,,,,,
2020-05-07,2020-05-07,2005_GWEP_ParqueHacienda_PI_PFM_FB,25-34,unknown,2020-05-01,2020-05-31,1.95,20,1.2,24,1,,,,97.5,1.95,,,,,
2020-05-07,2020-05-07,2005_GWEP_ParqueHacienda_PI_PFM_FB,25-34,male,2020-05-01,2020-05-31,70.61,1591,1.0898805782527,1734,14,,,,44.38089252,5.04357143,,,,,
2020-05-07,2020-05-07,2005_GWEP_ParqueHacienda_PI_PFM_FB,25-34,female,2020-05-01,2020-05-31,61.78,1035,1.087922705314,1126,5,,,,59.69082126,12.356,,,,,
2020-05-06,2020-05-06,2005_GWEP_ParqueHacienda_PI_PFM_FB,55-64,unknown,2020-05-01,2020-05-31,0.13,3,1,3,,,,,43.33333333,,,,,,
2020-05-06,2020-05-06,2005_GWEP_ParqueHacienda_PI_PFM_FB,55-64,male,2020-05-01,2020-05-31,9.67,132,1.1212121212121,148,4,,,,73.25757576,2.4175,,,,,
2020-05-06,2020-05-06,2005_GWEP_ParqueHacienda_PI_PFM_FB,55-64,female,2020-05-01,2020-05-31,6.5,106,1.0188679245283,108,2,1,actions:onsite_conversion.lead_grouped,6.5,61.32075472,3.25,1,1,,,
2020-05-06,2020-05-06,2005_GWEP_ParqueHacienda_PI_PFM_FB,45-54,unknown,2020-05-01,2020-05-31,0.42,7,1,7,,,,,60,,,,,,
2020-05-06,2020-05-06,2005_GWEP_ParqueHacienda_PI_PFM_FB,45-54,male,2020-05-01,2020-05-31,41.89,396,1.1186868686869,443,7,1,actions:onsite_conversion.lead_grouped,41.89,105.78282828,5.98428571,1,1,,,
2020-05-06,2020-05-06,2005_GWEP_ParqueHacienda_PI_PFM_FB,45-54,female,2020-05-01,2020-05-31,19.03,236,1.1525423728814,272,3,,,,80.63559322,6.34333333,,,,,
2020-05-06,2020-05-06,2005_GWEP_ParqueHacienda_PI_PFM_FB,35-44,unknown,2020-05-01,2020-05-31,1.1,20,1.45,29,,,,,55,,,,,,
2020-05-06,2020-05-06,2005_GWEP_ParqueHacienda_PI_PFM_FB,35-44,male,2020-05-01,2020-05-31,47.82,838,1.0894988066826,913,8,1,actions:onsite_conversion.lead_grouped,47.82,57.06443914,5.9775,1,1,,,
2020-05-06,2020-05-06,2005_GWEP_ParqueHacienda_PI_PFM_FB,35-44,female,2020-05-01,2020-05-31,34.65,450,1.0866666666667,489,6,1,actions:onsite_conversion.lead_grouped,34.65,77,5.775,1,1,,,
2020-05-06,2020-05-06,2005_GWEP_ParqueHacienda_PI_PFM_FB,25-34,unknown,2020-05-01,2020-05-31,1.06,28,1,28,,,,,37.85714286,,,,,,
2020-05-06,2020-05-06,2005_GWEP_ParqueHacienda_PI_PFM_FB,25-34,male,2020-05-01,2020-05-31,80.69,1808,1.1565265486726,2091,14,1,actions:onsite_conversion.lead_grouped,80.69,44.62942478,5.76357143,1,1,,,
2020-05-06,2020-05-06,2005_GWEP_ParqueHacienda_PI_PFM_FB,25-34,female,2020-05-01,2020-05-31,65.94,1124,1.0871886120996,1222,9,1,actions:onsite_conversion.lead_grouped,65.94,58.66548043,7.32666667,1,1,,,
2020-05-05,2020-05-05,2005_GWEP_ParqueHacienda_PI_PFM_FB,55-64,male,2020-05-01,2020-05-31,11.97,119,1.1176470588235,133,5,,,,100.58823529,2.394,,,,,
2020-05-05,2020-05-05,2005_GWEP_ParqueHacienda_PI_PFM_FB,55-64,female,2020-05-01,2020-05-31,9.31,107,1.196261682243,128,2,,,,87.00934579,4.655,,,,,
2020-05-05,2020-05-05,2005_GWEP_ParqueHacienda_PI_PFM_FB,45-54,unknown,2020-05-01,2020-05-31,0.14,6,1.1666666666667,7,,,,,23.33333333,,,,,,
2020-05-05,2020-05-05,2005_GWEP_ParqueHacienda_PI_PFM_FB,45-54,male,2020-05-01,2020-05-31,31.07,343,1.1078717201166,380,1,,,,90.58309038,31.07,,,,,
2020-05-05,2020-05-05,2005_GWEP_ParqueHacienda_PI_PFM_FB,45-54,female,2020-05-01,2020-05-31,22.7,235,1.1063829787234,260,7,2,actions:onsite_conversion.lead_grouped,11.35,96.59574468,3.24285714,2,2,,,
2020-05-05,2020-05-05,2005_GWEP_ParqueHacienda_PI_PFM_FB,35-44,unknown,2020-05-01,2020-05-31,2.37,29,1.1724137931034,34,1,,,,81.72413793,2.37,,,,,
2020-05-05,2020-05-05,2005_GWEP_ParqueHacienda_PI_PFM_FB,35-44,male,2020-05-01,2020-05-31,55.1,659,1.1714719271624,772,5,1,actions:onsite_conversion.lead_grouped,55.1,83.61153263,11.02,1,1,,,
2020-05-05,2020-05-05,2005_GWEP_ParqueHacienda_PI_PFM_FB,35-44,female,2020-05-01,2020-05-31,43.03,396,1.1439393939394,453,4,1,actions:onsite_conversion.lead_grouped,43.03,108.66161616,10.7575,1,1,,,
2020-05-05,2020-05-05,2005_GWEP_ParqueHacienda_PI_PFM_FB,25-34,unknown,2020-05-01,2020-05-31,1.89,21,1.1904761904762,25,,,,,90,,,,,,
2020-05-05,2020-05-05,2005_GWEP_ParqueHacienda_PI_PFM_FB,25-34,male,2020-05-01,2020-05-31,84.88,1330,1.1691729323308,1555,20,3,actions:onsite_conversion.lead_grouped,28.293333333333,63.81954887,4.244,3,3,,,
2020-05-05,2020-05-05,2005_GWEP_ParqueHacienda_PI_PFM_FB,25-34,female,2020-05-01,2020-05-31,55.57,876,1.1301369863014,990,11,2,actions:onsite_conversion.lead_grouped,27.785,63.43607306,5.05181818,2,2,,,
2020-05-04,2020-05-04,2005_GWEP_ParqueHacienda_PI_PFM_FB,55-64,unknown,2020-05-01,2020-05-31,0.04,0,0,2,,,,,0,,,,,,
2020-05-04,2020-05-04,2005_GWEP_ParqueHacienda_PI_PFM_FB,55-64,male,2020-05-01,2020-05-31,10.22,118,1.271186440678,150,1,,,,86.61016949,10.22,,,,,
2020-05-04,2020-05-04,2005_GWEP_ParqueHacienda_PI_PFM_FB,55-64,female,2020-05-01,2020-05-31,10.09,110,1.3,143,2,,,,91.72727273,5.045,,,,,
2020-05-04,2020-05-04,2005_GWEP_ParqueHacienda_PI_PFM_FB,45-54,unknown,2020-05-01,2020-05-31,2.53,10,1.1,11,,,,,253,,,,,,
2020-05-04,2020-05-04,2005_GWEP_ParqueHacienda_PI_PFM_FB,45-54,male,2020-05-01,2020-05-31,26.8,378,1.0978835978836,415,7,3,actions:onsite_conversion.lead_grouped,8.9333333333333,70.8994709,3.82857143,3,3,,,
2020-05-04,2020-05-04,2005_GWEP_ParqueHacienda_PI_PFM_FB,45-54,female,2020-05-01,2020-05-31,20.45,312,1.0032051282051,313,2,1,actions:onsite_conversion.lead_grouped,20.45,65.54487179,10.225,1,1,,,
2020-05-04,2020-05-04,2005_GWEP_ParqueHacienda_PI_PFM_FB,35-44,unknown,2020-05-01,2020-05-31,5.24,30,1.4666666666667,44,,,,,174.66666667,,,,,,
2020-05-04,2020-05-04,2005_GWEP_ParqueHacienda_PI_PFM_FB,35-44,male,2020-05-01,2020-05-31,62.62,886,1.1422121896163,1012,11,,,,70.6772009,5.69272727,,,,,
2020-05-04,2020-05-04,2005_GWEP_ParqueHacienda_PI_PFM_FB,35-44,female,2020-05-01,2020-05-31,34.53,546,1.1648351648352,636,9,1,actions:onsite_conversion.lead_grouped,34.53,63.24175824,3.83666667,1,1,,,
2020-05-04,2020-05-04,2005_GWEP_ParqueHacienda_PI_PFM_FB,25-34,unknown,2020-05-01,2020-05-31,1.89,30,1.3333333333333,40,,,,,63,,,,,,
2020-05-04,2020-05-04,2005_GWEP_ParqueHacienda_PI_PFM_FB,25-34,male,2020-05-01,2020-05-31,74.31,2054,1.1358325219085,2333,12,1,actions:onsite_conversion.lead_grouped,74.31,36.1781889,6.1925,1,1,,,
2020-05-04,2020-05-04,2005_GWEP_ParqueHacienda_PI_PFM_FB,25-34,female,2020-05-01,2020-05-31,70.6,1368,1.1732456140351,1605,8,1,actions:onsite_conversion.lead_grouped,70.6,51.60818713,8.825,1,1,,,
2020-05-03,2020-05-03,2005_GWEP_ParqueHacienda_PI_PFM_FB,55-64,male,2020-05-01,2020-05-31,7.65,70,1.1714285714286,82,2,1,actions:onsite_conversion.lead_grouped,7.65,109.28571429,3.825,1,1,,,
2020-05-03,2020-05-03,2005_GWEP_ParqueHacienda_PI_PFM_FB,55-64,female,2020-05-01,2020-05-31,8.05,62,1.2258064516129,76,2,1,actions:onsite_conversion.lead_grouped,8.05,129.83870968,4.025,1,1,,,
2020-05-03,2020-05-03,2005_GWEP_ParqueHacienda_PI_PFM_FB,45-54,unknown,2020-05-01,2020-05-31,1.37,8,1,8,,,,,171.25,,,,,,
2020-05-03,2020-05-03,2005_GWEP_ParqueHacienda_PI_PFM_FB,45-54,male,2020-05-01,2020-05-31,25.98,258,1.077519379845,278,4,,,,100.69767442,6.495,,,,,
2020-05-03,2020-05-03,2005_GWEP_ParqueHacienda_PI_PFM_FB,45-54,female,2020-05-01,2020-05-31,17.15,168,1.1190476190476,188,2,,,,102.08333333,8.575,,,,,
2020-05-03,2020-05-03,2005_GWEP_ParqueHacienda_PI_PFM_FB,35-44,unknown,2020-05-01,2020-05-31,1.44,36,1.0277777777778,37,,,,,40,,,,,,
2020-05-03,2020-05-03,2005_GWEP_ParqueHacienda_PI_PFM_FB,35-44,male,2020-05-01,2020-05-31,49.48,721,1,721,10,1,actions:onsite_conversion.lead_grouped,49.48,68.62690707,4.948,1,1,,,
2020-05-03,2020-05-03,2005_GWEP_ParqueHacienda_PI_PFM_FB,35-44,female,2020-05-01,2020-05-31,46.33,430,1.1697674418605,503,6,,,,107.74418605,7.72166667,,,,,
2020-05-03,2020-05-03,2005_GWEP_ParqueHacienda_PI_PFM_FB,25-34,unknown,2020-05-01,2020-05-31,0.83,42,1,42,,,,,19.76190476,,,,,,
2020-05-03,2020-05-03,2005_GWEP_ParqueHacienda_PI_PFM_FB,25-34,male,2020-05-01,2020-05-31,74.05,1846,1.1153846153846,2059,14,,,,40.11375948,5.28928571,,,,,
2020-05-03,2020-05-03,2005_GWEP_ParqueHacienda_PI_PFM_FB,25-34,female,2020-05-01,2020-05-31,89.42,1546,1.1034928848642,1706,22,2,actions:onsite_conversion.lead_grouped,44.71,57.83958603,4.06454545,2,2,,,
2020-05-02,2020-05-02,2005_GWEP_ParqueHacienda_PI_PFM_FB,55-64,male,2020-05-01,2020-05-31,9.76,103,1.1165048543689,115,,,,,94.75728155,,,,,,
2020-05-02,2020-05-02,2005_GWEP_ParqueHacienda_PI_PFM_FB,55-64,female,2020-05-01,2020-05-31,12.17,93,1.1075268817204,103,1,,,,130.86021505,12.17,,,,,
2020-05-02,2020-05-02,2005_GWEP_ParqueHacienda_PI_PFM_FB,45-54,unknown,2020-05-01,2020-05-31,0.45,10,1.1,11,,,,,45,,,,,,
2020-05-02,2020-05-02,2005_GWEP_ParqueHacienda_PI_PFM_FB,45-54,male,2020-05-01,2020-05-31,31.02,303,1.0957095709571,332,2,,,,102.37623762,15.51,,,,,
2020-05-02,2020-05-02,2005_GWEP_ParqueHacienda_PI_PFM_FB,45-54,female,2020-05-01,2020-05-31,26.48,229,1.1528384279476,264,,,,,115.63318777,,,,,,
2020-05-02,2020-05-02,2005_GWEP_ParqueHacienda_PI_PFM_FB,35-44,unknown,2020-05-01,2020-05-31,1.38,27,1.2592592592593,34,,,,,51.11111111,,,,,,
2020-05-02,2020-05-02,2005_GWEP_ParqueHacienda_PI_PFM_FB,35-44,male,2020-05-01,2020-05-31,51.4,676,1.1257396449704,761,7,,,,76.03550296,7.34285714,,,,,
2020-05-02,2020-05-02,2005_GWEP_ParqueHacienda_PI_PFM_FB,35-44,female,2020-05-01,2020-05-31,49.87,493,1.1257606490872,555,6,4,actions:onsite_conversion.lead_grouped,12.4675,101.15618661,8.31166667,4,4,,,
2020-05-02,2020-05-02,2005_GWEP_ParqueHacienda_PI_PFM_FB,25-34,unknown,2020-05-01,2020-05-31,1.82,29,1.3448275862069,39,,,,,62.75862069,,,,,,
2020-05-02,2020-05-02,2005_GWEP_ParqueHacienda_PI_PFM_FB,25-34,male,2020-05-01,2020-05-31,82,1472,1.1372282608696,1674,12,1,actions:onsite_conversion.lead_grouped,82,55.70652174,6.83333333,1,1,,,
2020-05-02,2020-05-02,2005_GWEP_ParqueHacienda_PI_PFM_FB,25-34,female,2020-05-01,2020-05-31,61.9,1034,1.1179883945841,1156,10,,,,59.86460348,6.19,,,,,
2020-05-01,2020-05-01,2005_GWEP_ParqueHacienda_PI_PFM_FB,55-64,unknown,2020-05-01,2020-05-31,0.1,2,2,4,,,,,50,,,,,,
2020-05-01,2020-05-01,2005_GWEP_ParqueHacienda_PI_PFM_FB,55-64,male,2020-05-01,2020-05-31,9,112,1.0892857142857,122,,,,,80.35714286,,,,,,
2020-05-01,2020-05-01,2005_GWEP_ParqueHacienda_PI_PFM_FB,55-64,female,2020-05-01,2020-05-31,18.31,121,1.1239669421488,136,,,,,151.32231405,,,,,,
2020-05-01,2020-05-01,2005_GWEP_ParqueHacienda_PI_PFM_FB,45-54,unknown,2020-05-01,2020-05-31,1.27,12,1.0833333333333,13,,,,,105.83333333,,,,,,
2020-05-01,2020-05-01,2005_GWEP_ParqueHacienda_PI_PFM_FB,45-54,male,2020-05-01,2020-05-31,30.62,308,1.0974025974026,338,3,1,actions:onsite_conversion.lead_grouped,30.62,99.41558442,10.20666667,1,1,,,
2020-05-01,2020-05-01,2005_GWEP_ParqueHacienda_PI_PFM_FB,45-54,female,2020-05-01,2020-05-31,12.35,225,1.0844444444444,244,3,,,,54.88888889,4.11666667,,,,,
2020-05-01,2020-05-01,2005_GWEP_ParqueHacienda_PI_PFM_FB,35-44,unknown,2020-05-01,2020-05-31,1.19,30,1.1333333333333,34,1,,,,39.66666667,1.19,,,,,
2020-05-01,2020-05-01,2005_GWEP_ParqueHacienda_PI_PFM_FB,35-44,male,2020-05-01,2020-05-31,55.61,618,1.1359223300971,702,4,,,,89.98381877,13.9025,,,,,
2020-05-01,2020-05-01,2005_GWEP_ParqueHacienda_PI_PFM_FB,35-44,female,2020-05-01,2020-05-31,35.29,410,1.1268292682927,462,7,1,actions:onsite_conversion.lead_grouped,35.29,86.07317073,5.04142857,1,1,,,
2020-05-01,2020-05-01,2005_GWEP_ParqueHacienda_PI_PFM_FB,25-34,unknown,2020-05-01,2020-05-31,2.07,34,1.0882352941176,37,,,,,60.88235294,,,,,,
2020-05-01,2020-05-01,2005_GWEP_ParqueHacienda_PI_PFM_FB,25-34,male,2020-05-01,2020-05-31,76.85,1474,1.1255088195387,1659,12,2,actions:onsite_conversion.lead_grouped,38.425,52.13704206,6.40416667,2,2,,,
2020-05-01,2020-05-01,2005_GWEP_ParqueHacienda_PI_PFM_FB,25-34,female,2020-05-01,2020-05-31,67.68,1105,1.1140271493213,1231,7,1,actions:onsite_conversion.lead_grouped,67.68,61.24886878,9.66857143,1,1,,,
